{"cameraMode":{"drawMode":0,"name":"Shaded","section":"Shading Mode"},"sceneLighting":true,"audioPlay":false,"sceneViewState":{"showFog":true,"showMaterialUpdate":false,"showSkybox":true,"showFlares":true,"showImageEffects":true,"showParticleSystems":true},"in2DMode":false,"pivot":{"x":-2.546159029006958,"y":-0.25161099433898928,"z":-0.056540489196777347},"rotation":{"x":-0.1241975799202919,"y":0.06716355681419373,"z":-0.008444507606327534,"w":-0.9899458885192871},"size":11.705265045166016,"orthographic":false}